{
    "D1": 1.92205,
    "D2": 1.02174,
    "nuSig1": 0.0228594,
    "nuSig2": 0.00638171,
    "Siga1": 0.00935004,
    "Siga2": 0.00725663,
    "SigR1": 0.0629958,
    "SigR2": 0.00725714,
    "Sig1": 0.253635,
    "Sig2": 0.375554,
    "beta0": 0.00805916,
    "lambda": 0.521857,
    "v1": 2073071628.7709172,
    "v2": 42232761.64251657,
    "Chi1": 0.584563,
    "Chi2": 0.415437,
    "Chi1p": 0.588997,
    "Chi2p": 0.411003,
    "Chi1d": 0.0387225,
    "Chi2d": 0.961278,
    "Eg": 1.35
}