{
    "D1": 1.94352,
    "D2": 1.02252,
    "nuSig1": 0.0228611,
    "nuSig2": 0.00637698,
    "Siga1": 0.00935046,
    "Siga2": 0.00725564,
    "SigR1": 0.0629916,
    "SigR2": 0.00725615,
    "Sig1": 0.253639,
    "Sig2": 0.375483,
    "beta0": 0.00805916,
    "lambda": 0.521857,
    "v1": 2073170478.8816488,
    "v2": 40541307.53825072,
    "Chi1": 0.584563,
    "Chi2": 0.415437,
    "Chi1p": 0.588997,
    "Chi2p": 0.411003,
    "Chi1d": 0.0387225,
    "Chi2d": 0.961278,
    "Eg": 1.35
}