{
    "D1": 1.18269,
    "D2": 0.90181,
    "nuSig1": 0.00579839,
    "nuSig2": 0.0237775,
    "Siga1": 0.00574101,
    "Siga2": 0.0244847,
    "SigR1": 0.00700117,
    "SigR2": 0.0244897,
    "Sig1": 0.324379,
    "Sig2": 0.384171,
    "beta0": 0.00308517,
    "lambda": 0.325805,
    "v1": 179427876.27371365,
    "v2": 17947070.499682337,
    "Chi1": 0.99999,
    "Chi2": 9.91992e-06,
    "Chi1p": 0.999991,
    "Chi2p": 8.69864e-06,
    "Chi1d": 0.999596,
    "Chi2d": 0.000404334,
    "Eg": 0.0007485
}