{
    "D1": 1.22267,
    "D2": 0.973932,
    "nuSig1": 0.00457329,
    "nuSig2": 0.0143145,
    "Siga1": 0.00432496,
    "Siga2": 0.0151235,
    "SigR1": 0.00849185,
    "SigR2": 0.0151311,
    "Sig1": 0.320199,
    "Sig2": 0.353086,
    "beta0": 0.00308517,
    "lambda": 0.325805,
    "v1": 286779466.59019214,
    "v2": 40827158.225651704,
    "Chi1": 0.999831,
    "Chi2": 0.000168702,
    "Chi1p": 0.999842,
    "Chi2p": 0.000158064,
    "Chi1d": 0.996396,
    "Chi2d": 0.00360428,
    "Eg": 0.0055308
}