{
    "D1": 1.75736,
    "D2": 1.04221,
    "nuSig1": 0.00405111,
    "nuSig2": 0.00724195,
    "Siga1": 0.00260927,
    "Siga2": 0.00752808,
    "SigR1": 0.032988,
    "SigR2": 0.00753134,
    "Sig1": 0.242175,
    "Sig2": 0.345631,
    "beta0": 0.00308517,
    "lambda": 0.325805,
    "v1": 1460222800.7949452,
    "v2": 104136618.91308446,
    "Chi1": 0.878029,
    "Chi2": 0.121971,
    "Eg": 0.4979
}