{
    "D1": 1.28484,
    "D2": 1.04018,
    "nuSig1": 0.00394516,
    "nuSig2": 0.00984743,
    "Siga1": 0.00318731,
    "Siga2": 0.0106839,
    "SigR1": 0.012377,
    "SigR2": 0.0106895,
    "Sig1": 0.323205,
    "Sig2": 0.332053,
    "beta0": 0.00308517,
    "lambda": 0.325805,
    "v1": 493373987.34989095,
    "v2": 66742307.94900888,
    "Chi1": 0.998435,
    "Chi2": 0.00156532,
    "Chi1p": 0.998517,
    "Chi2p": 0.00148322,
    "Chi1d": 0.971922,
    "Chi2d": 0.0280776,
    "Eg": 0.0247875
}