{
    "D1": 1.18263,
    "D2": 0.901492,
    "nuSig1": 0.00579944,
    "nuSig2": 0.0237954,
    "Siga1": 0.00574209,
    "Siga2": 0.0244974,
    "SigR1": 0.00700155,
    "SigR2": 0.0244973,
    "Sig1": 0.324392,
    "Sig2": 0.384334,
    "beta0": 0.00308616,
    "lambda": 0.322793,
    "v1": 179404055.60808107,
    "v2": 17942272.532354403,
    "Eg": 0.0007485
}