{
    "D1": 2.59839,
    "D2": 1.25922,
    "nuSig1": 0.0213654,
    "nuSig2": 0.00431736,
    "Siga1": 0.00799266,
    "Siga2": 0.00478947,
    "SigR1": 0.0495269,
    "SigR2": 0.00478956,
    "Sig1": 0.190341,
    "Sig2": 0.30858,
    "beta0": 0.00438998,
    "lambda": 0.599397,
    "v1": 2102616074.920416,
    "v2": 88689436.20125407
}