{
    "D1": 2.71674,
    "D2": 1.32726,
    "nuSig1": 0.0198088,
    "nuSig2": 0.00377069,
    "Siga1": 0.00739794,
    "Siga2": 0.00423436,
    "SigR1": 0.0466174,
    "SigR2": 0.00423594,
    "Sig1": 0.181754,
    "Sig2": 0.294202,
    "beta0": 0.00449832,
    "lambda": 0.60097,
    "v1": 2098243979.6134615,
    "v2": 75735199.44864775,
    "Eg": 1.35
}