{
    "description": "Allegro, gas cooled demonstrator. Hexagonal core, radius is approximated as 5.5*11.09095301, the pitch.",
    "Type": Allegro,
    "H": 86.78999999999999,
    "R": 61.000241555,
    "D1": 3.81018,
    "D2": 1.92671,
    "nuSig1": 0.0207419,
    "nuSig2": 0.0090464,
    "Siga1": 0.00718271,
    "Siga2": 0.00652875,
    "SigR1": 0.033594,
    "SigR2": 0.00652971,
    "Sig1": 0.12754,
    "Sig2": 0.203182,
    "beta0": 0.00390353,
    "lambda": 0.565632,
    "v1": 2116648498.7670522,
    "v2": 217134047.7043503,
    "Chi1": 0.596602,
    "Chi2": 0.403398,
    "Chi1p": 0.598939,
    "Chi2p": 0.401061,
    "Chi1d": 0.0411594,
    "Chi2d": 0.958841,
    "Eg": 1.35
}
