{
    "description": "Hermes-like FHR reactor. We got this from Sandra Bogetic. Nem veszek merget a meretekre:)",
    "Type": "FHR",
    "H": 309.47,
    "R": 120,
    "D1": 1.15102,
    "D2": 0.976489,
    "nuSig1": 0.000670703,
    "nuSig2": 0.0131396,
    "Siga1": 0.0016252,
    "Siga2": 0.00826857,
    "SigR1": 0.00442967,
    "SigR2": 0.0108069,
    "Sig1": 0.329543,
    "Sig2": 0.356547,
    "beta0": 0.00543802,
    "lambda": 0.412054,
    "v1": 10246815.033717144,
    "v2": 498094.78743804945,
    "Chi1": 1.0,
    "Chi2": 0.0,
    "Chi1p": 1.0,
    "Chi2p": 0.0,
    "Chi1d": 1.0,
    "Chi2d": 0.0,
    "Eg": 6.25e-07
}
