{
    "description": "LFRSMR, core surrounded by void instead of reflector, lead-cooled design from Mai. Hexagonal core, radius is considered 3.5*19.2473, the assembly pitch, but considering that the core is tiny, this is not a super good approximation.",
    "Type": "LFRSMR",
    "H": 120.0,
    "R": 73.74,
    "D1": 2.08596,
    "D2": 1.19035,
    "nuSig1": 0.024141,
    "nuSig2": 0.00824699,
    "Siga1": 0.00964319,
    "Siga2": 0.00830104,
    "SigR1": 0.0608046,
    "SigR2": 0.00830359,
    "Sig1": 0.236069,
    "Sig2": 0.343289,
    "beta0": 0.00874809,
    "lambda": 0.530062,
    "v1": 2079412773.8326697,
    "v2": 405158477.7385674,
    "Chi1": 0.584509,
    "Chi2": 0.415491,
    "Chi1p": 0.589011,
    "Chi2p": 0.410989,
    "Chi1d": 0.0395274,
    "Chi2d": 0.960473,
    "Eg": 1.35
}
