{
    "description": "LFRSMR, lead-cooled design from Mai. Hexagonal core, radius is considered 3.5*19.2473, the assembly pitch, 
             but considering that the core is tiny, this is not a super good approximation.",
    "H": 280.0,
    "R": 67.36555,
    "D1": 1.91443,
    "D2": 1.02307,
    "nuSig1": 0.0235079,
    "nuSig2": 0.00685068,
    "Siga1": 0.00945093,
    "Siga2": 0.00688109,
    "SigR1": 0.0638535,
    "SigR2": 0.00688041,
    "Sig1": 0.254911,
    "Sig2": 0.377322,
    "beta0": 0.00808259,
    "lambda": 0.524128,
    "v1": 2075825763.488716,
    "v2": 49319635.62653199,
    "Chi1": 0.584686,
    "Chi2": 0.415314,
    "Chi1p": 0.589137,
    "Chi2p": 0.410863,
    "Chi1d": 0.0383883,
    "Chi2d": 0.961612,
    "Eg": 1.35
}
