{
    "description": "LFRSMR, core surrounded by void instead of reflector, lead-cooled design from Mai. Hexagonal core, radius is considered 3.5*19.2473, the assembly pitch, but considering that the core is tiny, this is not a super good approximation.",
    "H": 280.0,
    "R": 67.36555,
    "D1": 2.17058,
    "D2": 1.30109,
    "nuSig1": 0.0224577,
    "nuSig2": 0.0067003,
    "Siga1": 0.00897861,
    "Siga2": 0.0067941,
    "SigR1": 0.0576591,
    "SigR2": 0.00679224,
    "Sig1": 0.226495,
    "Sig2": 0.31021,
    "beta0": 0.00873743,
    "lambda": 0.53209,
    "v1": 2071744512.4667227,
    "v2": 319814763.289103,
    "Chi1": 0.584432,
    "Chi2": 0.415568,
    "Chi1p": 0.588933,
    "Chi2p": 0.411067,
    "Chi1d": 0.0392074,
    "Chi2d": 0.960793,
    "Eg": 1.35
}