{
    "description": "LFRSMR, lead-cooled design from Mai. Hexagonal core, radius is considered 3.5*19.2473, the assembly pitch, but considering that the core is tiny, this is not a super good approximation.",
    "H": 120.0,
    "R": 67.36555,
    "D1": 1.86549,
    "D2": 0.967801,
    "nuSig1": 0.0249885,
    "nuSig2": 0.00853086,
    "Siga1": 0.0100338,
    "Siga2": 0.00845351,
    "SigR1": 0.0663369,
    "SigR2": 0.0084544,
    "Sig1": 0.262033,
    "Sig2": 0.405369,
    "beta0": 0.00807283,
    "lambda": 0.52327,
    "v1": 2081728667.48548,
    "v2": 96769823.29830267,
    "Chi1": 0.5845,
    "Chi2": 0.4155,
    "Chi1p": 0.588942,
    "Chi2p": 0.411058,
    "Chi1d": 0.0386548,
    "Chi2d": 0.961345,
    "Eg": 1.35
}