{
    "description": "MSDR, Molten Salt Demonstrator Reactor. This geometry comes from both Mai, but is also available on github without license. The radius is approximated as 10.5*29.0322, blanket region is excluded, also from the homogenization the control locations are excluded.",
    "H": 640.08,
    "R": 304.8381,
    "D1": 1.061,
    "D2": 0.841634,
    "nuSig1": 0.000103789,
    "nuSig2": 0.00150461,
    "Siga1": 0.000452975,
    "Siga2": 0.00104513,
    "SigR1": 0.00755811,
    "SigR2": 0.0022586,
    "Sig1": 0.364437,
    "Sig2": 0.407527,
    "beta0": 0.00547569,
    "lambda": 0.407354,
    "v1": 7665889.856494541,
    "v2": 461069.5892331029,
    "Chi1": 1.0,
    "Chi2": 0.0,
    "Chi1p": 1.0,
    "Chi2p": 0.0,
    "Chi1d": 1.0,
    "Chi2d": 0.0,
    "Eg": 6.25e-07
}
