{
    "description": "MSFR, Molten Salt Fast Reactor. I used the input from the ARFC github page, but essentially this should be the same as the SAMOFAR input from Cambridge, although the sizes does not seem to be the same.",
    "Type": 5,
    "H": 188.0,
    "R": 112.75,
    "D1": 2.16699,
    "D2": 1.18506,
    "nuSig1": 0.00535223,
    "nuSig2": 0.00744669,
    "Siga1": 0.00324819,
    "Siga2": 0.00692367,
    "SigR1": 0.0555123,
    "SigR2": 0.00692545,
    "Sig1": 0.209339,
    "Sig2": 0.311501,
    "beta0": 0.00309315,
    "lambda": 0.322958,
    "v1": 2095856073.3717294,
    "v2": 135110121.50453228,
    "Chi1": 0.594314,
    "Chi2": 0.405686,
    "Chi1p": 0.596061,
    "Chi2p": 0.403939,
    "Chi1d": 0.0313316,
    "Chi2d": 0.968668,
    "Eg": 1.35
}
