{
    "description": "MSRE, Molten Salt Reactor experiment. A classic lowpower core. Geometry comes from Github, usable after using reference: D. Shen, G. Ilas, J. J. Powers, and M. Fratoni, “Reactor physics benchmark of the first criticality in the Molten Salt Reactor Experiment,” Nuclear Science and Engineering, 2021.",
    "H": 124.87100000000001,
    "R": 70.287,
    "D1": 1.01584,
    "D2": 0.820527,
    "nuSig1": 0.000681108,
    "nuSig2": 0.010862,
    "Siga1": 0.000937329,
    "Siga2": 0.00582841,
    "SigR1": 0.00447586,
    "SigR2": 0.00768499,
    "Sig1": 0.37808,
    "Sig2": 0.419497,
    "beta0": 0.00655895,
    "lambda": 0.409889,
    "v1": 9801903.52966546,
    "v2": 475400.4059919467,
    "Chi1": 1.0,
    "Chi2": 0.0,
    "Chi1p": 1.0,
    "Chi2p": 0.0,
    "Chi1d": 1.0,
    "Chi2d": 0.0,
    "Eg": 6.25e-07
}