{
    "description": "PWR SMR is a 200 MWt PWR core with a thermal spectrum, which is constructed from fuel elements of a typical PWR (AP1000), but with a shortened core height of 220 cm",
    "Type": "PWRSMR",
    "H": 220.0,
    "R": 73.5,
    "D1": 1.43756,
    "D2": 0.37226,
    "nuSig1": 0.00566,
    "nuSig2": 0.14249,
    "Siga1": 0.01151,
    "Siga2": 0.10167,
    "SigR1": 0.026654,
    "SigR2": 0,
    "Sig1": 0,
    "Sig2": 0,
    "beta0": 0.00580,
    "lambda": 0.0848,
    "v1": 18202000,
    "v2": 412846,
    "Chi1": 1.0,
    "Chi2": 0.0,
    "Chi1p": 1.0,
    "Chi2p": 0.0,
    "Chi1d": 1.0,
    "Chi2d": 0.0,
    "Eg": 6.25e-07
}
