{
    "description": "RR SMR-like from Cambridge. Core is general cross, so radius is just an approximation.\nConstants generated only in the active core, hopefully correctly, but it needed some magic",
    "H": 280.0,
    "R": 139.77366,
    "D1": 1.52824,
    "D2": 0.385619,
    "nuSig1": 0.00909338,
    "nuSig2": 0.193929,
    "Siga1": 0.0106745,
    "Siga2": 0.107096,
    "SigR1": 0.0267412,
    "SigR2": 0.10915,
    "Sig1": 0.532629,
    "Sig2": 1.30892,
    "beta0": 0.00517577,
    "lambda": 0.454141,
    "v1": 17966739.970965747,
    "v2": 433164.83221360226,
    "Chi1": 1.0,
    "Chi2": 0.0,
    "Chi1p": 1.0,
    "Chi2p": 0.0,
    "Chi1d": 1.0,
    "Chi2d": 0.0,
    "Eg": 6.25e-07
}